"","Date","Open","High","Low","Close","Volume","Adj.Close"
"1",2015-12-11,28.2,28.2,28.2,28.2,0,28.2
"2",2015-12-10,31.49,31.49,28.2,28.2,500,28.2
"3",2015-12-09,26.94,28.685,26.94,27.9,200,27.9
"4",2015-12-08,26.5,26.82,26.065,26.82,400,26.82
"5",2015-12-07,28.2,28.2,28.2,28.2,0,28.2
"6",2015-12-04,28,28.21,28,28.2,0,28.2
"7",2015-12-03,28,28.61,28,28.61,300,28.61
"8",2015-12-02,28.81,28.81,28.81,28.81,0,28.81
"9",2015-12-01,29.12,29.69,28.81,28.81,400,28.81
"10",2015-11-30,27.03,28.36,27.03,28.35,300,28.35
"11",2015-11-27,27.1,27.1,27.03,27.03,100,27.03
"12",2015-11-26,26.1,27.61,26.1,27.1,2100,27.1
"13",2015-11-25,25.8,25.8,25.8,25.8,0,25.8
"14",2015-11-24,25.3,25.5,25.3,25.5,100,25.5
"15",2015-11-23,24.3,24.3,23.72,24.3,2000,24.3
"16",2015-11-20,24.5,24.5,24.3,24.3,0,24.3
"17",2015-11-19,24.12,24.5,23.98,24.5,200,24.5
"18",2015-11-18,24,24,23.9,24,0,24
"19",2015-11-17,23.9,23.9,23.9,23.9,0,23.9
"20",2015-11-16,23.8,23.8,23.8,23.8,0,23.8
"21",2015-11-13,24.1,24.1,24,24,400,24
"22",2015-11-12,23.5,23.5,23.5,23.5,0,23.5
"23",2015-11-11,24,24,24,24,0,24
"24",2015-11-10,24,24,24,24,0,24
"25",2015-11-09,24.8,24.8,24.17,24.17,0,24.17
"26",2015-11-06,23.45,23.75,23.45,23.75,200,23.75
"27",2015-11-05,23.455,23.455,23.45,23.45,100,23.45
"28",2015-11-04,23.455,23.455,23.455,23.455,0,23.455
"29",2015-11-03,26.3,26.3,24.96,25,200,25
"30",2015-11-02,25.5,25.5,25,25,0,25
"31",2015-10-30,24.9,25.5,24.64,25.5,600,25.5
"32",2015-10-29,25.71,25.71,24.895,24.9,800,24.9
"33",2015-10-28,24.4,25.28,24.4,25.21,900,25.21
"34",2015-10-27,27,27,23.95,23.95,0,23.95
"35",2015-10-26,27.8,27.8,24.85,24.85,500,24.85
"36",2015-10-23,25.39,25.39,24.13,24.23,0,24.23
"37",2015-10-22,23.88,23.88,23.88,23.88,300,23.88
"38",2015-10-21,23.87,24.25,23.41,23.41,800,23.41
"39",2015-10-20,23.01,23.05,22.835,23,500,23
"40",2015-10-19,23.9,23.9,23,23,100,23
"41",2015-10-16,24.52,24.8,24,24,1700,24
"42",2015-10-15,26.52,26.52,24.62,24.62,200,24.62
"43",2015-10-14,26.17,26.76,25.5,25.98,400,25.98
"44",2015-10-13,27,27.71,25.43,25.43,2800,25.43
"45",2015-10-12,25.735,27.29,25.735,26.5,1800,26.5
"46",2015-10-09,23.65,26.08,23.65,25.45,400,25.45
"47",2015-10-08,23.75,23.91,23.59,23.59,500,23.59
"48",2015-10-07,22,23.44,22,22.37,2800,22.37
"49",2015-10-06,20.16,21.13,20.16,21.13,0,21.13
"50",2015-10-05,20.57,20.57,18.65,20.16,700,20.16
"51",2015-10-02,20.95,20.95,19.74,19.74,600,19.74
"52",2015-10-01,22,22,20.68,20.95,800,20.95
"53",2015-09-30,20.72,21.32,20.72,21.32,0,21.32
"54",2015-09-29,21.6,21.6,21.35,21.555,100,21.555
"55",2015-09-28,22.92,22.92,21.17,21.6,2800,21.6
"56",2015-09-25,25,25,22.32,22.55,3500,22.55
"57",2015-09-24,26,26,23.09,24.12,2700,24.12
"58",2015-09-23,22.57,24.8,20.85,23.98,2900,23.98
"59",2015-09-22,26.78,26.78,21.4,22.57,5400,22.57
"60",2015-09-21,28.44,28.44,25.5,26.91,7000,26.91
"61",2015-09-18,34.07,34.07,34.07,34.07,0,34.07
"62",2015-09-17,34.07,34.07,34.07,34.07,0,34.07
"63",2015-09-16,33.61,33.61,33.61,33.61,0,33.61
"64",2015-09-15,33.61,33.61,33.61,33.61,0,33.61
"65",2015-09-14,33.61,33.61,33.61,33.61,0,33.61
"66",2015-09-11,33.61,33.61,33.61,33.61,0,33.61
"67",2015-09-10,33.61,33.61,33.61,33.61,0,33.61
"68",2015-09-09,33.61,33.61,33.61,33.61,0,33.61
"69",2015-09-08,33.61,33.61,33.61,33.61,0,33.61
"70",2015-09-07,33.61,33.61,33.61,33.61,0,33.61
"71",2015-09-04,33.61,33.61,33.61,33.61,0,33.61
"72",2015-09-03,33.61,33.61,33.61,33.61,0,33.61
"73",2015-09-02,33.61,33.61,33.61,33.61,0,33.61
"74",2015-09-01,33.61,33.61,33.61,33.61,0,33.61
"75",2015-08-31,33.61,33.61,33.61,33.61,0,33.61
"76",2015-08-28,34.35,34.35,34.35,34.35,0,34.35
"77",2015-08-27,34.35,34.35,34.35,34.35,0,34.35
"78",2015-08-26,34.35,34.35,34.35,34.35,0,34.35
"79",2015-08-25,34.35,34.35,34.35,34.35,0,34.35
"80",2015-08-24,34.35,34.35,34.35,34.35,0,34.35
"81",2015-08-21,34.35,34.35,34.35,34.35,0,34.35
"82",2015-08-20,34.35,34.35,34.35,34.35,0,34.35
"83",2015-08-19,34.35,34.35,34.35,34.35,0,34.35
"84",2015-08-18,35.1,35.1,35.1,35.1,300,35.1
"85",2015-08-17,35.85,35.85,35.85,35.85,0,35.85
"86",2015-08-14,35.85,35.85,35.85,35.85,0,35.85
"87",2015-08-13,35.85,35.85,35.85,35.85,0,35.85
"88",2015-08-12,38.64,38.64,38.64,38.64,0,38.64
"89",2015-08-11,38.64,38.64,38.64,38.64,0,38.64
"90",2015-08-10,38.97,38.97,38.64,38.64,400,38.64
"91",2015-08-07,38.5,38.5,38.5,38.5,0,38.5
"92",2015-08-06,38.5,38.5,38.5,38.5,0,38.5
"93",2015-08-05,38.5,38.5,38.5,38.5,0,38.5
"94",2015-08-04,38.5,38.5,38.5,38.5,0,38.5
"95",2015-08-03,38.5,38.5,38.5,38.5,0,38.5
"96",2015-07-31,38.5,38.5,38.5,38.5,0,38.5
"97",2015-07-30,38.5,38.5,38.5,38.5,0,38.5
"98",2015-07-29,38.5,38.5,38.5,38.5,0,38.5
"99",2015-07-28,38.5,38.5,38.5,38.5,0,38.5
"100",2015-07-27,38.5,38.5,38.5,38.5,0,38.5
"101",2015-07-24,39.72,39.72,39.72,39.72,0,39.72
"102",2015-07-23,39.72,39.72,39.72,39.72,300,39.72
"103",2015-07-22,39.5,39.5,39.5,39.5,200,39.5
"104",2015-07-21,41.42,41.42,41.42,41.42,0,41.42
"105",2015-07-20,41.42,41.42,41.42,41.42,0,41.42
"106",2015-07-17,41.42,41.42,41.42,41.42,0,41.42
"107",2015-07-16,41.42,41.42,41.42,41.42,0,41.42
"108",2015-07-15,41.42,41.42,41.42,41.42,0,41.42
"109",2015-07-14,41.42,41.42,41.42,41.42,0,41.42
"110",2015-07-13,41.42,41.42,41.42,41.42,0,41.42
"111",2015-07-10,41.42,41.42,41.42,41.42,0,41.42
"112",2015-07-09,41.42,41.42,41.42,41.42,0,41.42
"113",2015-07-08,41.42,41.42,41.42,41.42,0,41.42
"114",2015-07-07,41.42,41.42,41.42,41.42,0,41.42
"115",2015-07-06,41.22,41.22,41.22,41.22,0,41.22
"116",2015-07-03,43.25,43.25,43.25,43.25,0,43.25
"117",2015-07-02,43.56,43.56,43.25,43.25,0,43.25
"118",2015-07-01,44.04,44.04,44.04,44.04,0,44.04
"119",2015-06-30,44.04,44.04,44.04,44.04,0,44.04
"120",2015-06-29,44.04,44.04,44.04,44.04,0,44.04
"121",2015-06-26,44.04,44.04,44.04,44.04,0,44.04
"122",2015-06-25,44.04,44.04,44.04,44.04,0,44.04
"123",2015-06-24,44.04,44.04,44.04,44.04,0,44.04
"124",2015-06-23,44.04,44.04,44.04,44.04,0,44.04
"125",2015-06-22,42.92,42.92,42.92,42.92,0,42.92
"126",2015-06-19,42.9,42.9,42.9,42.9,0,42.9
"127",2015-06-18,42.9,42.9,42.9,42.9,0,42.9
"128",2015-06-17,42.9,42.9,42.9,42.9,0,42.9
"129",2015-06-16,42.9,42.9,42.9,42.9,0,42.9
"130",2015-06-15,42.9,42.9,42.9,42.9,0,42.9
"131",2015-06-12,42.9,42.9,42.9,42.9,0,42.9
"132",2015-06-11,43.66,43.66,43.66,43.66,0,43.66
"133",2015-06-10,43.35,43.35,43.35,43.35,0,43.35
"134",2015-06-09,43.35,43.35,43.35,43.35,0,43.35
"135",2015-06-08,43.35,43.35,43.35,43.35,0,43.35
"136",2015-06-05,43.35,43.35,43.35,43.35,0,43.35
"137",2015-06-04,43.35,43.35,43.35,43.35,0,43.35
"138",2015-06-03,43.35,43.35,43.35,43.35,0,43.35
"139",2015-06-02,44.41,44.41,44.41,44.41,0,44.41
"140",2015-06-01,44.41,44.41,44.41,44.41,0,44.41
"141",2015-05-29,46.04,46.04,46.04,46.04,0,46.04
"142",2015-05-28,46.04,46.04,46.04,46.04,0,46.04
"143",2015-05-27,46.04,46.04,46.04,46.04,0,46.04
"144",2015-05-26,46.04,46.04,46.04,46.04,0,46.04
"145",2015-05-25,46.04,46.04,46.04,46.04,0,46.04
"146",2015-05-22,46.04,46.04,46.04,46.04,0,46.04
"147",2015-05-21,46.04,46.04,46.04,46.04,0,46.04
"148",2015-05-20,46.04,46.04,46.04,46.04,0,46.04
"149",2015-05-19,46.04,46.04,46.04,46.04,0,46.04
"150",2015-05-18,47,47,47,47,0,47
"151",2015-05-15,47,47,47,47,0,47
"152",2015-05-14,47,47,47,47,0,47
"153",2015-05-13,47,47,47,47,0,47
"154",2015-05-12,47,47,47,47,0,47
"155",2015-05-11,47,47,47,47,0,47
"156",2015-05-08,46.595,46.595,46.595,46.595,0,46.595
"157",2015-05-07,46.595,46.595,46.595,46.595,0,46.595
"158",2015-05-06,46.595,46.595,46.595,46.595,0,46.595
"159",2015-05-05,47.79,47.79,47.79,47.79,0,46.773
"160",2015-05-04,47.79,47.79,47.79,47.79,0,46.773
"161",2015-05-01,47.79,47.79,47.79,47.79,0,45.777
"162",2015-04-30,47.79,47.79,47.79,47.79,0,45.777
"163",2015-04-29,47.79,47.79,47.79,47.79,0,44.735
"164",2015-04-28,47.79,47.79,47.79,47.79,0,44.735
"165",2015-04-27,48.47,48.47,47.79,47.79,0,44.735
"166",2015-04-24,46.21,46.21,45.75,45.75,0,42.826
"167",2015-04-23,45.8,45.8,45.8,45.8,0,42.872
"168",2015-04-22,45.8,45.8,45.8,45.8,0,42.872
"169",2015-04-21,45.8,45.8,45.8,45.8,0,42.872
"170",2015-04-20,47.25,47.25,47.25,47.25,0,44.23
"171",2015-04-17,47.25,47.25,47.25,47.25,0,44.23
"172",2015-04-16,47.25,47.25,47.25,47.25,0,44.23
"173",2015-04-15,47.25,47.25,47.25,47.25,0,44.23
"174",2015-04-14,47.25,47.25,47.25,47.25,0,44.23
"175",2015-04-13,47.25,47.25,47.25,47.25,0,44.23
"176",2015-04-10,47.25,47.25,47.25,47.25,0,44.23
"177",2015-04-09,47.25,47.25,47.25,47.25,0,44.23
"178",2015-04-08,47.25,47.25,47.25,47.25,0,44.23
"179",2015-04-07,48.88,48.88,48.88,48.88,0,45.756
"180",2015-04-06,48.88,48.88,48.88,48.88,0,45.756
"181",2015-04-03,48.88,48.88,48.88,48.88,0,45.756
"182",2015-04-02,48.88,48.88,48.88,48.88,0,45.756
"183",2015-04-01,48.88,48.88,48.88,48.88,0,45.756
"184",2015-03-31,48.88,48.88,48.88,48.88,0,45.756
"185",2015-03-30,48.88,48.88,48.88,48.88,0,45.756
"186",2015-03-27,48.88,48.88,48.88,48.88,0,45.756
"187",2015-03-26,48.88,48.88,48.88,48.88,0,45.756
"188",2015-03-25,48.88,48.88,48.88,48.88,0,45.756
"189",2015-03-24,48.88,48.88,48.88,48.88,0,45.756
"190",2015-03-23,48.88,48.88,48.88,48.88,0,45.756
"191",2015-03-20,49,49,49,49,0,45.868
"192",2015-03-19,49,49,49,49,0,45.868
"193",2015-03-18,49,49,49,49,200,45.868
"194",2015-03-17,50.6,50.6,48.58,48.58,0,45.475
"195",2015-03-16,48.12,48.12,48.12,48.12,0,45.044
"196",2015-03-13,45.8,45.8,45.8,45.8,0,42.872
"197",2015-03-12,45.8,45.8,45.8,45.8,0,42.872
"198",2015-03-11,45.8,45.8,45.8,45.8,0,42.872
"199",2015-03-10,45.8,45.8,45.8,45.8,0,42.872
"200",2015-03-09,45.8,45.8,45.8,45.8,0,42.872
"201",2015-03-06,44,44,44,44,0,41.188
"202",2015-03-05,44,44,44,44,0,41.188
"203",2015-03-04,44,44,44,44,0,41.188
"204",2015-03-03,40.3,40.3,40.3,40.3,0,37.724
"205",2015-03-02,40.3,40.3,40.3,40.3,0,37.724
"206",2015-02-27,40.3,40.3,40.3,40.3,0,37.724
"207",2015-02-26,40.3,40.3,40.3,40.3,0,37.724
"208",2015-02-25,40.3,40.3,40.3,40.3,0,37.724
"209",2015-02-24,40.3,40.3,40.3,40.3,0,37.724
"210",2015-02-23,40.3,40.3,40.3,40.3,0,37.724
"211",2015-02-20,40.3,40.3,40.3,40.3,0,37.724
"212",2015-02-19,40.3,40.3,40.3,40.3,0,37.724
"213",2015-02-18,40.3,40.3,40.3,40.3,0,37.724
"214",2015-02-17,40.3,40.3,40.3,40.3,0,37.724
"215",2015-02-16,40.3,40.3,40.3,40.3,0,37.724
"216",2015-02-13,40.3,40.3,40.3,40.3,0,37.724
"217",2015-02-12,40.3,40.3,40.3,40.3,0,37.724
"218",2015-02-11,40.3,40.3,40.3,40.3,0,37.724
"219",2015-02-10,40.3,40.3,40.3,40.3,400,37.724
"220",2015-02-09,39.3,39.3,39.3,39.3,0,36.788
"221",2015-02-06,39.3,39.3,39.3,39.3,0,36.788
"222",2015-02-05,39.3,39.3,39.3,39.3,0,36.788
"223",2015-02-04,39.3,39.3,39.3,39.3,0,36.788
"224",2015-02-03,39.3,39.3,39.3,39.3,0,36.788
"225",2015-02-02,39.3,39.3,39.3,39.3,0,36.788
"226",2015-01-30,39.3,39.3,39.3,39.3,0,36.788
"227",2015-01-29,39.3,39.3,39.3,39.3,0,36.788
"228",2015-01-28,39.3,39.3,39.3,39.3,0,36.788
"229",2015-01-27,39.3,39.3,39.3,39.3,0,36.788
"230",2015-01-26,37.75,39.3,37.75,39.3,600,36.788
"231",2015-01-23,35.6,35.6,35.6,35.6,0,33.324
"232",2015-01-22,35.6,35.6,35.6,35.6,0,33.324
"233",2015-01-21,35.6,35.6,35.6,35.6,0,33.324
"234",2015-01-20,36.83,36.83,36.83,36.83,0,34.476
"235",2015-01-19,36.83,36.83,36.83,36.83,0,34.476
"236",2015-01-16,36.83,36.83,36.83,36.83,0,34.476
"237",2015-01-15,36.83,36.83,36.83,36.83,0,34.476
"238",2015-01-14,36.83,36.83,36.83,36.83,0,34.476
"239",2015-01-13,36.83,36.83,36.83,36.83,0,34.476
"240",2015-01-12,36.83,36.83,36.83,36.83,0,34.476
"241",2015-01-09,36.83,36.83,36.83,36.83,0,34.476
"242",2015-01-08,36.83,36.83,36.83,36.83,0,34.476
"243",2015-01-07,36.83,36.83,36.83,36.83,0,34.476
"244",2015-01-06,36.83,36.83,36.83,36.83,0,34.476
"245",2015-01-05,36.83,36.83,36.83,36.83,0,34.476
"246",2015-01-02,36.83,36.83,36.83,36.83,0,34.476
"247",2015-01-01,36.83,36.83,36.83,36.83,0,34.476
"248",2014-12-31,36.83,36.83,36.83,36.83,0,34.476
"249",2014-12-30,36.83,36.83,36.83,36.83,0,34.476
"250",2014-12-29,36.83,36.83,36.83,36.83,0,34.476
"251",2014-12-26,36.83,36.83,36.83,36.83,0,34.476
"252",2014-12-25,36.83,36.83,36.83,36.83,0,34.476
"253",2014-12-24,36.83,36.83,36.83,36.83,0,34.476
"254",2014-12-23,36.83,36.83,36.83,36.83,0,34.476
"255",2014-12-22,36.83,36.83,36.83,36.83,0,34.476
"256",2014-12-19,36.83,36.83,36.83,36.83,0,34.476
"257",2014-12-18,36.83,36.83,36.83,36.83,0,34.476
"258",2014-12-17,36.83,36.83,36.83,36.83,0,34.476
"259",2014-12-16,36.83,36.83,36.83,36.83,0,34.476
"260",2014-12-15,36.83,36.83,36.83,36.83,0,34.476
"261",2014-12-12,36.83,36.83,36.83,36.83,0,34.476
"262",2014-12-11,36.83,36.83,36.83,36.83,0,34.476
"263",2014-12-10,36.83,36.83,36.83,36.83,0,34.476
"264",2014-12-09,36.76,36.76,36.76,36.76,0,34.41
"265",2014-12-08,33.68,33.68,33.68,33.68,0,31.527
"266",2014-12-05,33.68,33.68,33.68,33.68,0,31.527
"267",2014-12-04,33.68,33.68,33.68,33.68,0,31.527
"268",2014-12-03,33.68,33.68,33.68,33.68,0,31.527
"269",2014-12-02,33.68,33.68,33.68,33.68,0,31.527
"270",2014-12-01,33.68,33.68,33.68,33.68,0,31.527
"271",2014-11-28,33.68,33.68,33.68,33.68,0,31.527
"272",2014-11-27,33.68,33.68,33.68,33.68,0,31.527
"273",2014-11-26,33.68,33.68,33.68,33.68,0,31.527
"274",2014-11-25,33.68,33.68,33.68,33.68,0,31.527
"275",2014-11-24,33.68,33.68,33.68,33.68,0,31.527
"276",2014-11-21,33.68,33.68,33.68,33.68,0,31.527
"277",2014-11-20,33.68,33.68,33.68,33.68,0,31.527
"278",2014-11-19,33.68,33.68,33.68,33.68,0,31.527
"279",2014-11-18,33.68,33.68,33.68,33.68,0,31.527
"280",2014-11-17,33.68,33.68,33.68,33.68,0,31.527
"281",2014-11-14,33.68,33.68,33.68,33.68,0,31.527
"282",2014-11-13,33.68,33.68,33.68,33.68,0,31.527
"283",2014-11-12,33.68,33.68,33.68,33.68,0,31.527
"284",2014-11-11,33.68,33.68,33.68,33.68,0,31.527
"285",2014-11-10,33.68,33.68,33.68,33.68,0,31.527
"286",2014-11-07,33.68,33.68,33.68,33.68,0,31.527
"287",2014-11-06,33.68,33.68,33.68,33.68,0,31.527
"288",2014-11-05,33.68,33.68,33.68,33.68,0,31.527
"289",2014-11-04,33.68,33.68,33.68,33.68,0,31.527
"290",2014-11-03,33.68,33.68,33.68,33.68,0,31.527
"291",2014-10-31,33.68,33.68,33.68,33.68,0,31.527
"292",2014-10-30,33.68,33.68,33.68,33.68,0,31.527
"293",2014-10-29,33.68,33.68,33.68,33.68,0,31.527
"294",2014-10-28,33.68,33.68,33.68,33.68,0,31.527
"295",2014-10-27,33.68,33.68,33.68,33.68,0,31.527
"296",2014-10-24,33.68,33.68,33.68,33.68,0,31.527
"297",2014-10-23,33.68,33.68,33.68,33.68,0,31.527
"298",2014-10-22,33.68,33.68,33.68,33.68,0,31.527
"299",2014-10-21,33.68,33.68,33.68,33.68,0,31.527
"300",2014-10-20,33.68,33.68,33.68,33.68,0,31.527
"301",2014-10-17,33.68,33.68,33.68,33.68,0,31.527
"302",2014-10-16,33.68,33.68,33.68,33.68,0,31.527
"303",2014-10-15,33.68,33.68,33.68,33.68,0,31.527
"304",2014-10-14,33.68,33.68,33.68,33.68,0,31.527
"305",2014-10-13,33.68,33.68,33.68,33.68,0,31.527
"306",2014-10-10,33.68,33.68,33.68,33.68,0,31.527
"307",2014-10-09,33.68,33.68,33.68,33.68,0,31.527
"308",2014-10-08,33.68,33.68,33.68,33.68,0,31.527
"309",2014-10-07,33.68,33.68,33.68,33.68,0,31.527
"310",2014-10-06,33.68,33.68,33.68,33.68,0,31.527
"311",2014-10-03,33.68,33.68,33.68,33.68,0,31.527
"312",2014-10-02,33.68,33.68,33.68,33.68,0,31.527
"313",2014-10-01,33.68,33.68,33.68,33.68,0,31.527
"314",2014-09-30,34.425,34.425,34.425,34.425,0,32.225
"315",2014-09-29,34.425,34.425,34.425,34.425,0,32.225
"316",2014-09-26,35.405,35.405,35.405,35.405,0,33.142
"317",2014-09-25,35.405,35.405,35.405,35.405,0,33.142
"318",2014-09-24,35.965,35.965,35.965,35.965,0,33.666
"319",2014-09-23,35.965,35.965,35.965,35.965,0,33.666
"320",2014-09-22,35.965,35.965,35.965,35.965,0,33.666
"321",2014-09-19,35.965,35.965,35.965,35.965,0,33.666
"322",2014-09-18,35.965,35.965,35.965,35.965,0,33.666
"323",2014-09-17,35.965,35.965,35.965,35.965,0,33.666
"324",2014-09-16,35.965,35.965,35.965,35.965,0,33.666
"325",2014-09-15,35.965,35.965,35.965,35.965,0,33.666
"326",2014-09-12,35.965,35.965,35.965,35.965,0,33.666
"327",2014-09-11,35.965,35.965,35.965,35.965,0,33.666
"328",2014-09-10,35.965,35.965,35.965,35.965,0,33.666
"329",2014-09-09,35.965,35.965,35.965,35.965,0,33.666
"330",2014-09-08,35.965,35.965,35.965,35.965,0,33.666
"331",2014-09-05,35.965,35.965,35.965,35.965,0,33.666
"332",2014-09-04,35.965,35.965,35.965,35.965,0,33.666
"333",2014-09-03,35.965,35.965,35.965,35.965,0,33.666
"334",2014-09-02,31.4,31.4,31.4,31.4,0,29.393
"335",2014-09-01,31.4,31.4,31.4,31.4,0,29.393
"336",2014-08-29,31.4,31.4,31.4,31.4,0,29.393
"337",2014-08-28,31.4,31.4,31.4,31.4,0,29.393
"338",2014-08-27,31.4,31.4,31.4,31.4,0,29.393
"339",2014-08-26,31.4,31.4,31.4,31.4,0,29.393
"340",2014-08-25,31.4,31.4,31.4,31.4,0,29.393
"341",2014-08-22,31.4,31.4,31.4,31.4,0,29.393
"342",2014-08-21,31.4,31.4,31.4,31.4,0,29.393
"343",2014-08-20,31.4,31.4,31.4,31.4,0,29.393
"344",2014-08-19,31.4,31.4,31.4,31.4,0,29.393
"345",2014-08-18,31.4,31.4,31.4,31.4,0,29.393
"346",2014-08-15,31.4,31.4,31.4,31.4,0,29.393
"347",2014-08-14,31.4,31.4,31.4,31.4,0,29.393
"348",2014-08-13,31.4,31.4,31.4,31.4,0,29.393
"349",2014-08-12,31.4,31.4,31.4,31.4,0,29.393
"350",2014-08-11,31.4,31.4,31.4,31.4,0,29.393
"351",2014-08-08,34.71,34.71,34.71,34.71,0,32.491
"352",2014-08-07,34.71,34.71,34.71,34.71,0,32.491
"353",2014-08-06,34.71,34.71,34.71,34.71,0,32.491
"354",2014-08-05,34.71,34.71,34.71,34.71,0,32.491
"355",2014-08-04,34.71,34.71,34.71,34.71,0,32.491
"356",2014-08-01,34.71,34.71,34.71,34.71,0,32.491
"357",2014-07-31,34.71,34.71,34.71,34.71,0,32.491
"358",2014-07-30,34.71,34.71,34.71,34.71,0,32.491
"359",2014-07-29,34.71,34.71,34.71,34.71,0,32.491
"360",2014-07-28,35.47,35.47,34.71,34.71,100,32.491
"361",2014-07-25,38.16,38.16,38.16,38.16,0,35.721
"362",2014-07-24,38.16,38.16,38.16,38.16,0,35.721
"363",2014-07-23,38.16,38.16,38.16,38.16,0,35.721
"364",2014-07-22,38.16,38.16,38.16,38.16,0,35.721
"365",2014-07-21,38.16,38.16,38.16,38.16,200,35.721
"366",2014-07-18,38.16,38.16,38.16,38.16,0,35.721
"367",2014-07-17,38.16,38.16,38.16,38.16,0,35.721
"368",2014-07-16,38.16,38.16,38.16,38.16,0,35.721
"369",2014-07-15,38.16,38.16,38.16,38.16,0,35.721
"370",2014-07-14,38.16,38.16,38.16,38.16,0,35.721
"371",2014-07-11,38.16,38.16,38.16,38.16,0,35.721
"372",2014-07-10,38.16,38.16,38.16,38.16,0,35.721
"373",2014-07-09,38.16,38.16,38.16,38.16,0,35.721
"374",2014-07-08,38.16,38.16,38.16,38.16,0,35.721
"375",2014-07-07,38.16,38.16,38.16,38.16,0,35.721
"376",2014-07-04,38.16,38.16,38.16,38.16,0,35.721
"377",2014-07-03,38.16,38.16,38.16,38.16,0,35.721
"378",2014-07-02,38.16,38.16,38.16,38.16,0,35.721
"379",2014-07-01,39.565,39.565,39.565,39.565,0,37.036
"380",2014-06-30,39.565,39.565,39.565,39.565,0,37.036
"381",2014-06-27,39.565,39.565,39.565,39.565,0,37.036
"382",2014-06-26,38.45,38.45,38.45,38.45,0,35.992
"383",2014-06-25,38.45,38.45,38.45,38.45,0,35.992
"384",2014-06-24,38.45,38.45,38.45,38.45,0,35.992
"385",2014-06-23,38.45,38.45,38.45,38.45,0,35.992
"386",2014-06-20,38.45,38.45,38.45,38.45,0,35.992
"387",2014-06-19,38.45,38.45,38.45,38.45,0,35.992
"388",2014-06-18,38.45,38.45,38.45,38.45,0,35.992
"389",2014-06-17,38.45,38.45,38.45,38.45,0,35.992
"390",2014-06-16,38.45,38.45,38.45,38.45,0,35.992
"391",2014-06-13,38.45,38.45,38.45,38.45,0,35.992
"392",2014-06-12,38.45,38.45,38.45,38.45,0,35.992
"393",2014-06-11,38.45,38.45,38.45,38.45,0,35.992
"394",2014-06-09,38.45,38.45,38.45,38.45,0,35.992
"395",2014-06-06,38.45,38.45,38.45,38.45,0,35.992
"396",2014-06-05,38.45,38.45,38.45,38.45,0,35.992
"397",2014-06-04,38.45,38.45,38.45,38.45,0,35.992
"398",2014-06-03,39.14,39.14,39.14,39.14,0,36.638
"399",2014-06-02,38.54,38.54,38.54,38.54,0,36.077
"400",2014-05-30,37.73,37.73,37.73,37.73,0,35.318
"401",2014-05-29,37.73,37.73,37.73,37.73,0,35.318
"402",2014-05-28,37.73,37.73,37.73,37.73,0,35.318
"403",2014-05-27,37.73,37.73,37.73,37.73,0,35.318
"404",2014-05-26,37.73,37.73,37.73,37.73,0,35.318
"405",2014-05-23,37.73,37.73,37.73,37.73,0,35.318
"406",2014-05-22,37.02,37.02,37.02,37.02,0,34.654
"407",2014-05-21,37.02,37.02,37.02,37.02,0,34.654
"408",2014-05-20,37.02,37.02,37.02,37.02,0,34.654
"409",2014-05-19,37.02,37.02,37.02,37.02,0,34.654
"410",2014-05-16,37.02,37.02,37.02,37.02,0,34.654
"411",2014-05-15,37.02,37.02,37.02,37.02,0,34.654
"412",2014-05-14,37.02,37.02,37.02,37.02,0,34.654
"413",2014-05-13,37.05,37.05,37.05,37.05,0,34.682
"414",2014-05-12,37.05,37.05,37.05,37.05,0,34.682
"415",2014-05-09,37.05,37.05,37.05,37.05,0,34.682
"416",2014-05-08,37.05,37.05,37.05,37.05,0,33.656
"417",2014-05-07,37.95,37.95,37.95,37.95,0,34.473
"418",2014-05-06,37.95,37.95,37.95,37.95,0,34.473
"419",2014-05-05,37.95,37.95,37.95,37.95,0,34.473
"420",2014-05-02,38.57,38.57,38.57,38.57,0,35.036
"421",2014-05-01,38.57,38.57,38.57,38.57,0,35.036
"422",2014-04-30,38.57,38.57,38.57,38.57,0,35.036
"423",2014-04-29,38.57,38.57,38.57,38.57,0,35.036
"424",2014-04-28,38.57,38.57,38.57,38.57,200,35.036
"425",2014-04-25,40,40,40,40,0,36.335
"426",2014-04-24,40,40,40,40,0,36.335
"427",2014-04-23,40,40,40,40,0,36.335
"428",2014-04-22,40,40,40,40,0,36.335
"429",2014-04-21,40,40,40,40,0,36.335
"430",2014-04-18,40,40,40,40,0,36.335
"431",2014-04-17,40,40,40,40,0,36.335
"432",2014-04-16,40,40,40,40,0,36.335
"433",2014-04-15,40,40,40,40,0,36.335
"434",2014-04-14,40,40,40,40,0,36.335
"435",2014-04-11,40,40,40,40,0,36.335
"436",2014-04-10,40,40,40,40,0,36.335
"437",2014-04-09,40,40,40,40,0,36.335
"438",2014-04-08,40,40,40,40,0,36.335
"439",2014-04-07,40,40,40,40,0,36.335
"440",2014-04-04,40,40,40,40,0,36.335
"441",2014-04-03,40,40,40,40,0,36.335
"442",2014-04-02,40,40,40,40,0,36.335
"443",2014-04-01,40,40,40,40,0,36.335
"444",2014-03-31,40,40,40,40,0,36.335
"445",2014-03-28,40,40,40,40,0,36.335
"446",2014-03-27,35.79,35.79,35.79,35.79,0,32.511
"447",2014-03-26,35.79,35.79,35.79,35.79,0,32.511
"448",2014-03-25,35.79,35.79,35.79,35.79,0,32.511
"449",2014-03-24,35.79,35.79,35.79,35.79,0,32.511
"450",2014-03-21,35.79,35.79,35.79,35.79,0,32.511
"451",2014-03-20,35.79,35.79,35.79,35.79,0,32.511
"452",2014-03-19,35.79,35.79,35.79,35.79,0,32.511
"453",2014-03-18,34.39,34.39,34.39,34.39,0,31.239
"454",2014-03-17,34.39,34.39,34.39,34.39,0,31.239
"455",2014-03-14,36.3,36.3,36.3,36.3,0,32.974
"456",2014-03-13,36.3,36.3,36.3,36.3,0,32.974
"457",2014-03-12,36.3,36.3,36.3,36.3,0,32.974
"458",2014-03-11,36.3,36.3,36.3,36.3,0,32.974
"459",2014-03-10,36.9,36.9,36.3,36.3,0,32.974
"460",2014-03-07,36.74,36.74,36.74,36.74,0,33.374
"461",2014-03-06,36.12,36.12,36.12,36.12,0,32.811
"462",2014-03-05,35.89,35.89,35.89,35.89,0,32.602
"463",2014-03-04,35.89,35.89,35.89,35.89,0,32.602
"464",2014-03-03,35.89,35.89,35.89,35.89,0,32.602
"465",2014-02-28,37.71,37.71,37.71,37.71,0,34.255
"466",2014-02-27,37.71,37.71,37.71,37.71,0,34.255
"467",2014-02-26,37.71,37.71,37.71,37.71,0,34.255
"468",2014-02-25,37.71,37.71,37.71,37.71,0,34.255
"469",2014-02-24,38.575,38.575,38.3,38.3,0,34.791
"470",2014-02-21,36.83,36.83,36.83,36.83,0,33.456
"471",2014-02-20,36.83,36.83,36.83,36.83,0,33.456
"472",2014-02-19,36.83,36.83,36.83,36.83,0,33.456
"473",2014-02-18,36.83,36.83,36.83,36.83,0,33.456
"474",2014-02-17,36.83,36.83,36.83,36.83,0,33.456
"475",2014-02-14,36.83,36.83,36.83,36.83,0,33.456
"476",2014-02-13,36.83,36.83,36.83,36.83,0,33.456
"477",2014-02-12,36.83,36.83,36.83,36.83,0,33.456
"478",2014-02-11,36.83,36.83,36.83,36.83,0,33.456
"479",2014-02-10,36.83,36.83,36.83,36.83,0,33.456
"480",2014-02-07,36.83,36.83,36.83,36.83,0,33.456
"481",2014-02-06,36.24,36.24,36.24,36.24,0,32.92
"482",2014-02-05,36.24,36.24,36.24,36.24,0,32.92
"483",2014-02-04,36.24,36.24,36.24,36.24,0,32.92
"484",2014-02-03,36.24,36.24,36.24,36.24,0,32.92
"485",2014-01-31,36.24,36.24,36.24,36.24,0,32.92
"486",2014-01-30,36.24,36.24,36.24,36.24,0,32.92
"487",2014-01-29,36.24,36.24,36.24,36.24,0,32.92
"488",2014-01-28,36.24,36.24,36.24,36.24,0,32.92
"489",2014-01-27,36.24,36.24,36.24,36.24,100,32.92
"490",2014-01-24,38.04,38.04,38.04,38.04,100,34.555
"491",2014-01-23,39.8,39.8,39.8,39.8,0,36.154
"492",2014-01-22,39.8,39.8,39.8,39.8,0,36.154
"493",2014-01-21,39.8,39.8,39.8,39.8,0,36.154
"494",2014-01-20,39.8,39.8,39.8,39.8,0,36.154
"495",2014-01-17,39.8,39.8,39.8,39.8,0,36.154
"496",2014-01-16,39.8,39.8,39.8,39.8,0,36.154
"497",2014-01-15,39.8,39.8,39.8,39.8,0,36.154
"498",2014-01-14,39.8,39.8,39.8,39.8,0,36.154
"499",2014-01-13,39.8,39.8,39.8,39.8,0,36.154
"500",2014-01-10,39.78,39.78,39.78,39.78,0,36.135
"501",2014-01-09,39.78,39.78,39.78,39.78,0,36.135
"502",2014-01-08,39.78,39.78,39.78,39.78,0,36.135
"503",2014-01-07,39.78,39.78,39.78,39.78,0,36.135
"504",2014-01-06,39.78,39.78,39.78,39.78,0,36.135
"505",2014-01-03,39.78,39.78,39.78,39.78,0,36.135
"506",2014-01-02,39.78,39.78,39.78,39.78,0,36.135
"507",2014-01-01,36.88,36.88,36.88,36.88,0,33.501
"508",2013-12-31,36.88,36.88,36.88,36.88,0,33.501
"509",2013-12-30,36.88,36.88,36.88,36.88,0,33.501
"510",2013-12-27,36.88,36.88,36.88,36.88,0,33.501
"511",2013-12-26,36.88,36.88,36.88,36.88,0,33.501
"512",2013-12-25,36.88,36.88,36.88,36.88,0,33.501
"513",2013-12-24,36.88,36.88,36.88,36.88,0,33.501
"514",2013-12-23,36.88,36.88,36.88,36.88,0,33.501
"515",2013-12-20,36.88,36.88,36.88,36.88,0,33.501
"516",2013-12-19,36.88,36.88,36.88,36.88,0,33.501
"517",2013-12-18,36.88,36.88,36.88,36.88,0,33.501
"518",2013-12-17,36.88,36.88,36.88,36.88,0,33.501
"519",2013-12-16,36.88,36.88,36.88,36.88,0,33.501
"520",2013-12-13,36.88,36.88,36.88,36.88,0,33.501
"521",2013-12-12,36.88,36.88,36.88,36.88,0,33.501
"522",2013-12-11,36.88,36.88,36.88,36.88,0,33.501
"523",2013-12-10,36.88,36.88,36.88,36.88,0,33.501
"524",2013-12-09,36.88,36.88,36.88,36.88,0,33.501
"525",2013-12-06,36.88,36.88,36.88,36.88,0,33.501
"526",2013-12-05,36.88,36.88,36.88,36.88,0,33.501
"527",2013-12-04,36.88,36.88,36.88,36.88,0,33.501
"528",2013-12-03,36.88,36.88,36.88,36.88,0,33.501
"529",2013-12-02,36.88,36.88,36.88,36.88,0,33.501
"530",2013-11-29,36.88,36.88,36.88,36.88,0,33.501
"531",2013-11-28,36.88,36.88,36.88,36.88,0,33.501
"532",2013-11-27,36.88,36.88,36.88,36.88,0,33.501
"533",2013-11-26,36.88,36.88,36.88,36.88,0,33.501
"534",2013-11-25,36.88,36.88,36.88,36.88,0,33.501
"535",2013-11-22,36.88,36.88,36.88,36.88,0,33.501
"536",2013-11-21,36.88,36.88,36.88,36.88,0,33.501
"537",2013-11-20,36.88,36.88,36.88,36.88,0,33.501
"538",2013-11-19,36.88,36.88,36.88,36.88,300,33.501
"539",2013-11-18,36.9,36.9,36.9,36.9,0,33.519
"540",2013-11-15,36.9,36.9,36.9,36.9,0,33.519
"541",2013-11-14,36.9,36.9,36.9,36.9,0,33.519
"542",2013-11-13,36.9,36.9,36.9,36.9,0,33.519
"543",2013-11-12,36.9,36.9,36.9,36.9,100,33.519
"544",2013-11-11,36.6,36.6,36.6,36.6,0,33.247
"545",2013-11-08,36.6,36.6,36.6,36.6,0,33.247
"546",2013-11-07,36.6,36.6,36.6,36.6,0,33.247
"547",2013-11-06,36.6,36.6,36.6,36.6,0,33.247
"548",2013-11-05,36.6,36.6,36.6,36.6,0,33.247
"549",2013-11-04,36.6,36.6,36.6,36.6,0,33.247
"550",2013-11-01,36.6,36.6,36.6,36.6,0,33.247
"551",2013-10-31,33.85,33.85,33.85,33.85,0,30.749
"552",2013-10-30,33.85,33.85,33.85,33.85,0,30.749
"553",2013-10-29,33.85,33.85,33.85,33.85,0,30.749
"554",2013-10-28,33.85,33.85,33.85,33.85,0,30.749
"555",2013-10-25,33.85,33.85,33.85,33.85,0,30.749
"556",2013-10-24,33.85,33.85,33.85,33.85,0,30.749
"557",2013-10-23,33.85,33.85,33.85,33.85,0,30.749
"558",2013-10-22,33.85,33.85,33.85,33.85,0,30.749
"559",2013-10-21,33.85,33.85,33.85,33.85,100,30.749
"560",2013-10-18,34.36,34.36,34.36,34.36,0,31.212
"561",2013-10-17,34.36,34.36,34.36,34.36,0,31.212
"562",2013-10-16,34.36,34.36,34.36,34.36,0,31.212
"563",2013-10-15,34.36,34.36,34.36,34.36,0,31.212
"564",2013-10-14,34.36,34.36,34.36,34.36,0,31.212
"565",2013-10-11,34.36,34.36,34.36,34.36,0,31.212
"566",2013-10-10,34.36,34.36,34.36,34.36,0,31.212
"567",2013-10-09,34.36,34.36,34.36,34.36,0,31.212
"568",2013-10-08,34.36,34.36,34.36,34.36,0,31.212
"569",2013-10-07,34.36,34.36,34.36,34.36,0,31.212
"570",2013-10-04,34.36,34.36,34.36,34.36,0,31.212
"571",2013-10-03,34.36,34.36,34.36,34.36,0,31.212
"572",2013-10-02,34.36,34.36,34.36,34.36,0,31.212
"573",2013-10-01,34.36,34.36,34.36,34.36,0,31.212
"574",2013-09-30,34.36,34.36,34.36,34.36,0,31.212
"575",2013-09-27,34.36,34.36,34.36,34.36,0,31.212
"576",2013-09-26,34.36,34.36,34.36,34.36,0,31.212
"577",2013-09-25,34.36,34.36,34.36,34.36,0,31.212
"578",2013-09-24,34.36,34.36,34.36,34.36,0,31.212
"579",2013-09-23,34.36,34.36,34.36,34.36,0,31.212
"580",2013-09-20,34.36,34.36,34.36,34.36,0,31.212
"581",2013-09-19,34.36,34.36,34.36,34.36,0,31.212
"582",2013-09-18,34.36,34.36,34.36,34.36,0,31.212
"583",2013-09-17,34.36,34.36,34.36,34.36,100,31.212
"584",2013-09-16,34.53,34.53,34.53,34.53,0,31.366
"585",2013-09-13,34.53,34.53,34.53,34.53,100,31.366
"586",2013-09-12,35.79,35.79,35.79,35.79,0,32.511
"587",2013-09-11,35.79,35.79,35.79,35.79,0,32.511
"588",2013-09-10,35.79,35.79,35.79,35.79,0,32.511
"589",2013-09-09,35.79,35.79,35.79,35.79,0,32.511
"590",2013-09-06,35.79,35.79,35.79,35.79,0,32.511
"591",2013-09-05,35.79,35.79,35.79,35.79,0,32.511
"592",2013-09-04,35.79,35.79,35.79,35.79,0,32.511
"593",2013-09-03,35.79,35.79,35.79,35.79,0,32.511
"594",2013-09-02,35.79,35.79,35.79,35.79,0,32.511
"595",2013-08-30,35.79,35.79,35.79,35.79,0,32.511
"596",2013-08-29,35.79,35.79,35.79,35.79,0,32.511
"597",2013-08-28,35.79,35.79,35.79,35.79,0,32.511
"598",2013-08-27,35.79,35.79,35.79,35.79,0,32.511
"599",2013-08-26,35.79,35.79,35.79,35.79,0,32.511
"600",2013-08-23,35.79,35.79,35.79,35.79,0,32.511
"601",2013-08-22,35.79,35.79,35.79,35.79,0,32.511
"602",2013-08-21,35.79,35.79,35.79,35.79,0,32.511
"603",2013-08-20,35.79,35.79,35.79,35.79,0,32.511
"604",2013-08-19,35.79,35.79,35.79,35.79,0,32.511
"605",2013-08-16,35.79,35.79,35.79,35.79,100,32.511
"606",2013-08-15,34.54,34.54,34.54,34.54,0,31.376
"607",2013-08-14,34.54,34.54,34.54,34.54,0,31.376
"608",2013-08-13,34.54,34.54,34.54,34.54,0,31.376
"609",2013-08-12,34.54,34.54,34.54,34.54,0,31.376
"610",2013-08-09,34.54,34.54,34.54,34.54,0,31.376
"611",2013-08-08,34.54,34.54,34.54,34.54,0,31.376
"612",2013-08-07,34.54,34.54,34.54,34.54,0,31.376
"613",2013-08-06,34.135,34.54,34.135,34.54,0,31.376
"614",2013-08-05,34.94,34.94,34.94,34.94,0,31.739
"615",2013-08-02,34.94,34.94,34.94,34.94,0,31.739
"616",2013-08-01,34.94,34.94,34.94,34.94,100,31.739
"617",2013-07-31,32.57,32.57,32.57,32.57,0,29.586
"618",2013-07-30,32.57,32.57,32.57,32.57,0,29.586
"619",2013-07-29,32.57,32.57,32.57,32.57,0,29.586
"620",2013-07-26,32.57,32.57,32.57,32.57,0,29.586
"621",2013-07-25,32.57,32.57,32.57,32.57,0,29.586
"622",2013-07-24,32.57,32.57,32.57,32.57,0,29.586
"623",2013-07-23,32.57,32.57,32.57,32.57,0,29.586
"624",2013-07-22,32.57,32.57,32.57,32.57,0,29.586
"625",2013-07-19,32.57,32.57,32.57,32.57,200,29.586
"626",2013-07-18,28.25,28.25,28.25,28.25,0,25.662
"627",2013-07-17,28.25,28.25,28.25,28.25,0,25.662
"628",2013-07-16,28.25,28.25,28.25,28.25,0,25.662
"629",2013-07-15,28.25,28.25,28.25,28.25,0,25.662
"630",2013-07-12,28.25,28.25,28.25,28.25,0,25.662
"631",2013-07-11,28.25,28.25,28.25,28.25,0,25.662
"632",2013-07-10,28.25,28.25,28.25,28.25,0,25.662
"633",2013-07-09,28.25,28.25,28.25,28.25,0,25.662
"634",2013-07-08,28.25,28.25,28.25,28.25,0,25.662
"635",2013-07-05,28.25,28.25,28.25,28.25,0,25.662
"636",2013-07-04,28.25,28.25,28.25,28.25,0,25.662
"637",2013-07-03,28.25,28.25,28.25,28.25,0,25.662
"638",2013-07-02,28.25,28.25,28.25,28.25,0,25.662
"639",2013-07-01,28.25,28.25,28.25,28.25,0,25.662
"640",2013-06-28,28.25,28.25,28.25,28.25,0,25.662
"641",2013-06-27,28.25,28.25,28.25,28.25,0,25.662
"642",2013-06-26,28.25,28.25,28.25,28.25,0,25.662
"643",2013-06-25,28.25,28.25,28.25,28.25,100,25.662
"644",2013-06-24,30.22,30.22,30.22,30.22,0,27.451
"645",2013-06-21,30.22,30.22,30.22,30.22,0,27.451
"646",2013-06-20,30.22,30.22,30.22,30.22,0,27.451
"647",2013-06-19,30.22,30.22,30.22,30.22,0,27.451
"648",2013-06-18,30.22,30.22,30.22,30.22,0,27.451
"649",2013-06-17,30.22,30.22,30.22,30.22,0,27.451
"650",2013-06-14,30.22,30.22,30.22,30.22,0,27.451
"651",2013-06-13,30.22,30.22,30.22,30.22,100,27.451
"652",2013-06-12,31.5,31.5,31.5,31.5,0,28.614
"653",2013-06-11,31.5,31.5,31.5,31.5,0,28.614
"654",2013-06-10,31.5,31.5,31.5,31.5,0,28.614
"655",2013-06-07,31.5,31.5,31.5,31.5,0,28.614
"656",2013-06-06,32.39,32.39,32.39,32.39,0,29.423
"657",2013-06-05,32.39,32.39,32.39,32.39,0,29.423
"658",2013-06-04,32.39,32.39,32.39,32.39,0,29.423
"659",2013-06-03,32.39,32.39,32.39,32.39,0,29.423
"660",2013-05-31,33.05,33.05,33.05,33.05,0,30.022
"661",2013-05-30,33.05,33.05,33.05,33.05,0,30.022
"662",2013-05-29,32.3,33.05,32.3,33.05,0,30.022
"663",2013-05-28,33.39,33.39,33.19,33.19,200,30.149
"664",2013-05-27,33.58,33.58,33.58,33.58,0,30.503
"665",2013-05-24,33.58,33.58,33.58,33.58,0,30.503
"666",2013-05-23,33.58,33.58,33.58,33.58,0,30.503
"667",2013-05-22,33.58,33.58,33.58,33.58,100,30.503
"668",2013-05-21,33,33,33,33,300,29.977
"669",2013-05-20,31.34,31.34,31.34,31.34,0,28.469
"670",2013-05-17,31.34,31.34,31.34,31.34,0,28.469
"671",2013-05-16,31.34,31.34,31.34,31.34,100,28.469
"672",2013-05-15,29.33,29.33,29.33,29.33,0,26.643
"673",2013-05-14,29.33,29.33,29.33,29.33,0,26.643
"674",2013-05-13,29.33,29.33,29.33,29.33,0,26.643
"675",2013-05-10,29.33,29.33,29.33,29.33,0,26.643
"676",2013-05-09,29.33,29.33,29.33,29.33,0,26.643
"677",2013-05-08,29.33,29.33,29.33,29.33,0,26.643
"678",2013-05-07,29.33,29.33,29.33,29.33,0,26.643
"679",2013-05-06,29.33,29.33,29.33,29.33,0,26.643
"680",2013-05-03,29.33,29.33,29.33,29.33,100,26.643
"681",2013-05-02,29,29.34,29,29.34,200,26.652
"682",2013-05-01,27.57,27.57,27.57,27.57,0,25.044
"683",2013-04-30,27.57,27.57,27.57,27.57,0,25.044
"684",2013-04-29,27.57,27.57,27.57,27.57,0,25.044
"685",2013-04-26,27.57,27.57,27.57,27.57,0,25.044
"686",2013-04-25,27.57,27.57,27.57,27.57,0,25.044
"687",2013-04-24,27.57,27.57,27.57,27.57,0,25.044
"688",2013-04-23,27.57,27.57,27.57,27.57,0,25.044
"689",2013-04-22,27.57,27.57,27.57,27.57,0,24.218
"690",2013-04-19,27.57,27.57,27.57,27.57,300,24.218
"691",2013-04-18,30.64,30.64,30.64,30.64,0,26.914
"692",2013-04-17,30.64,30.64,30.64,30.64,0,26.914
"693",2013-04-16,30.64,30.64,30.64,30.64,0,26.914
"694",2013-04-15,30.64,30.64,30.64,30.64,0,26.914
"695",2013-04-12,30.64,30.64,30.64,30.64,0,26.914
"696",2013-04-11,30.64,30.64,30.64,30.64,0,26.914
"697",2013-04-10,30.64,30.64,30.64,30.64,0,26.914
"698",2013-04-09,30.64,30.64,30.64,30.64,0,26.914
"699",2013-04-08,30.64,30.64,30.64,30.64,0,26.914
"700",2013-04-05,30.64,30.64,30.64,30.64,0,26.914
"701",2013-04-04,30.64,30.64,30.64,30.64,0,26.914
"702",2013-04-03,30.64,30.64,30.64,30.64,0,26.914
"703",2013-04-02,30.64,30.64,30.64,30.64,0,26.914
"704",2013-04-01,30.64,30.64,30.64,30.64,0,26.914
"705",2013-03-29,30.64,30.64,30.64,30.64,0,26.914
"706",2013-03-28,30.64,30.64,30.64,30.64,0,26.914
"707",2013-03-27,30.64,30.64,30.64,30.64,0,26.914
"708",2013-03-26,30.64,30.64,30.64,30.64,0,26.914
"709",2013-03-25,30.64,30.64,30.64,30.64,0,26.914
"710",2013-03-22,30.64,30.64,30.64,30.64,0,26.914
"711",2013-03-21,30.64,30.64,30.64,30.64,0,26.914
"712",2013-03-20,30.64,30.64,30.64,30.64,0,26.914
"713",2013-03-19,30.64,30.64,30.64,30.64,0,26.914
"714",2013-03-18,30.64,30.64,30.64,30.64,200,26.914
"715",2013-03-15,31.12,31.12,31.12,31.12,0,27.336
"716",2013-03-14,31.12,31.12,31.12,31.12,0,27.336
"717",2013-03-13,31.12,31.12,31.12,31.12,0,27.336
"718",2013-03-12,31.12,31.12,31.12,31.12,0,27.336
"719",2013-03-11,31.12,31.12,31.12,31.12,0,27.336
"720",2013-03-08,31.12,31.12,31.12,31.12,0,27.336
"721",2013-03-07,31.12,31.12,31.12,31.12,0,27.336
"722",2013-03-06,31.12,31.12,31.12,31.12,0,27.336
"723",2013-03-05,31.12,31.12,31.12,31.12,0,27.336
"724",2013-03-04,31.12,31.12,31.12,31.12,0,27.336
"725",2013-03-01,31.12,31.12,31.12,31.12,0,27.336
"726",2013-02-28,31.12,31.12,31.12,31.12,0,27.336
"727",2013-02-27,31.12,31.12,31.12,31.12,0,27.336
"728",2013-02-26,31.12,31.12,31.12,31.12,200,27.336
"729",2013-02-25,33.08,33.08,33.08,33.08,0,29.058
"730",2013-02-22,33.08,33.08,33.08,33.08,100,29.058
"731",2013-02-21,34,34,34,34,0,29.866
"732",2013-02-20,34,34,34,34,0,29.866
"733",2013-02-19,34,34,34,34,0,29.866
"734",2013-02-18,34,34,34,34,0,29.866
"735",2013-02-15,34,34,34,34,0,29.866
"736",2013-02-14,34,34,34,34,0,29.866
"737",2013-02-13,34,34,34,34,0,29.866
"738",2013-02-12,34,34,34,34,0,29.866
"739",2013-02-11,34,34,34,34,0,29.866
"740",2013-02-08,34,34,34,34,0,29.866
"741",2013-02-07,34,34,34,34,0,29.866
"742",2013-02-06,34,34,34,34,0,29.866
"743",2013-02-05,34,34,34,34,100,29.866
"744",2013-02-04,34.65,34.65,34.65,34.65,0,30.437
"745",2013-02-01,34.65,34.65,34.65,34.65,0,30.437
"746",2013-01-31,34.9,34.9,34.9,34.9,0,30.656
"747",2013-01-30,34.9,34.9,34.9,34.9,0,30.656
"748",2013-01-29,36.2,36.2,35.21,35.21,0,30.929
"749",2013-01-28,35,35,35,35,0,30.744
"750",2013-01-25,35,35,35,35,0,30.744
"751",2013-01-24,35,35,35,35,0,30.744
"752",2013-01-23,35,35,35,35,0,30.744
"753",2013-01-22,35,35,35,35,0,30.744
"754",2013-01-21,33.515,33.515,33.515,33.515,0,29.44
"755",2013-01-18,33.515,33.515,33.515,33.515,0,29.44
"756",2013-01-17,33.515,33.515,33.515,33.515,0,29.44
"757",2013-01-16,33.515,33.515,33.515,33.515,0,29.44
"758",2013-01-15,33.515,33.515,33.515,33.515,0,29.44
"759",2013-01-14,33.515,33.515,33.515,33.515,0,29.44
"760",2013-01-11,33.595,33.595,33.515,33.515,200,29.44
"761",2013-01-10,32.59,32.59,32.59,32.59,0,28.627
"762",2013-01-09,30.81,30.81,30.81,30.81,0,27.064
"763",2013-01-08,30.81,30.81,30.81,30.81,0,27.064
"764",2013-01-07,30.81,30.81,30.81,30.81,0,27.064
"765",2013-01-04,30.81,30.81,30.81,30.81,0,27.064
"766",2013-01-03,30.81,30.81,30.81,30.81,0,27.064
"767",2013-01-02,30.81,30.81,30.81,30.81,0,27.064
"768",2013-01-01,30.81,30.81,30.81,30.81,0,27.064
"769",2012-12-31,30.81,30.81,30.81,30.81,0,27.064
"770",2012-12-28,30.81,30.81,30.81,30.81,0,27.064
"771",2012-12-27,30.81,30.81,30.81,30.81,0,27.064
"772",2012-12-26,30.81,30.81,30.81,30.81,0,27.064
"773",2012-12-25,30.81,30.81,30.81,30.81,0,27.064
"774",2012-12-24,30.81,30.81,30.81,30.81,0,27.064
"775",2012-12-21,30.81,30.81,30.81,30.81,0,27.064
"776",2012-12-20,30.81,30.81,30.81,30.81,0,27.064
"777",2012-12-19,30.81,30.81,30.81,30.81,0,27.064
"778",2012-12-18,30.81,30.81,30.81,30.81,0,27.064
"779",2012-12-17,30.81,30.81,30.81,30.81,0,27.064
"780",2012-12-14,30.81,30.81,30.81,30.81,0,27.064
"781",2012-12-13,30.81,30.81,30.81,30.81,0,27.064
"782",2012-12-12,30.81,30.81,30.81,30.81,0,27.064
"783",2012-12-11,30.2,30.2,30.2,30.2,0,26.528
"784",2012-12-10,30.2,30.2,30.2,30.2,0,26.528
"785",2012-12-07,30.2,30.2,30.2,30.2,0,26.528
"786",2012-12-06,30.2,30.2,30.2,30.2,0,26.528
"787",2012-12-05,30.2,30.2,30.2,30.2,0,26.528
"788",2012-12-04,30.2,30.2,30.2,30.2,0,26.528
"789",2012-12-03,30.2,30.2,30.2,30.2,0,26.528
"790",2012-11-30,30.2,30.2,30.2,30.2,0,26.528
"791",2012-11-29,30.2,30.2,30.2,30.2,0,26.528
"792",2012-11-28,30.2,30.2,30.2,30.2,0,26.528
"793",2012-11-27,30.2,30.2,30.2,30.2,0,26.528
"794",2012-11-26,30.2,30.2,30.2,30.2,0,26.528
"795",2012-11-23,30.2,30.2,30.2,30.2,0,26.528
"796",2012-11-22,30.2,30.2,30.2,30.2,0,26.528
"797",2012-11-21,30.2,30.2,30.2,30.2,0,26.528
"798",2012-11-20,30.2,30.2,30.2,30.2,0,26.528
"799",2012-11-19,30.2,30.2,30.2,30.2,0,26.528
"800",2012-11-16,30.2,30.2,30.2,30.2,0,26.528
"801",2012-11-15,30.2,30.2,30.2,30.2,0,26.528
"802",2012-11-14,30.2,30.2,30.2,30.2,0,26.528
"803",2012-11-13,30.2,30.2,30.2,30.2,0,26.528
"804",2012-11-12,30.2,30.2,30.2,30.2,0,26.528
"805",2012-11-09,31.92,31.92,31.92,31.92,0,28.039
"806",2012-11-08,31.92,31.92,31.92,31.92,0,28.039
"807",2012-11-07,31.92,31.92,31.92,31.92,0,28.039
"808",2012-11-06,31.92,31.92,31.92,31.92,0,28.039
"809",2012-11-05,31.92,31.92,31.92,31.92,0,28.039
"810",2012-11-02,31.92,31.92,31.92,31.92,0,28.039
"811",2012-11-01,31.92,31.92,31.92,31.92,0,28.039
"812",2012-10-31,31.92,31.92,31.92,31.92,0,28.039
"813",2012-10-30,25.845,25.845,25.845,25.845,0,22.702
"814",2012-10-29,25.845,25.845,25.845,25.845,0,22.702
"815",2012-10-26,25.845,25.845,25.845,25.845,0,22.702
"816",2012-10-25,25.845,25.845,25.845,25.845,0,22.702
"817",2012-10-24,25.845,25.845,25.845,25.845,0,22.702
"818",2012-10-23,25.845,25.845,25.845,25.845,0,22.702
"819",2012-10-22,25.845,25.845,25.845,25.845,0,22.702
"820",2012-10-19,25.845,25.845,25.845,25.845,0,22.702
"821",2012-10-18,25.845,25.845,25.845,25.845,0,22.702
"822",2012-10-17,25.845,25.845,25.845,25.845,0,22.702
"823",2012-10-16,25.845,25.845,25.845,25.845,0,22.702
"824",2012-10-15,25.845,25.845,25.845,25.845,0,22.702
"825",2012-10-12,25.845,25.845,25.845,25.845,0,22.702
"826",2012-10-11,25.845,25.845,25.845,25.845,0,22.702
"827",2012-10-10,25.845,25.845,25.845,25.845,0,22.702
"828",2012-10-09,25.845,25.845,25.845,25.845,0,22.702
"829",2012-10-08,25.845,25.845,25.845,25.845,0,22.702
"830",2012-10-05,25.845,25.845,25.845,25.845,0,22.702
"831",2012-10-04,25.845,25.845,25.845,25.845,0,22.702
"832",2012-10-03,25.845,25.845,25.845,25.845,0,22.702
"833",2012-10-02,25.845,25.845,25.845,25.845,0,22.702
"834",2012-10-01,25.845,25.845,25.845,25.845,0,22.702
"835",2012-09-28,25.845,25.845,25.845,25.845,0,22.702
"836",2012-09-27,25.845,25.845,25.845,25.845,0,22.702
"837",2012-09-26,25.845,25.845,25.845,25.845,0,22.702
"838",2012-09-25,25.845,25.845,25.845,25.845,0,22.702
"839",2012-09-24,25.845,25.845,25.845,25.845,0,22.702
"840",2012-09-21,25.845,25.845,25.845,25.845,0,22.702
"841",2012-09-20,25.845,25.845,25.845,25.845,0,22.702
"842",2012-09-19,25.845,25.845,25.845,25.845,0,22.702
"843",2012-09-18,25.845,25.845,25.845,25.845,0,22.702
"844",2012-09-17,26.75,26.75,26.75,26.75,0,23.497
"845",2012-09-14,26.75,26.75,26.75,26.75,0,23.497
"846",2012-09-13,26.75,26.75,26.75,26.75,0,23.497
"847",2012-09-12,26.75,26.75,26.75,26.75,100,23.497
"848",2012-09-11,26.425,26.425,26.425,26.425,0,23.212
"849",2012-09-10,26.425,26.425,26.425,26.425,0,23.212
"850",2012-09-07,26.425,26.425,26.425,26.425,0,23.212
"851",2012-09-06,26.425,26.425,26.425,26.425,0,23.212
"852",2012-09-05,26.425,26.425,26.425,26.425,0,23.212
"853",2012-09-04,26.425,26.425,26.425,26.425,0,23.212
"854",2012-09-03,26.425,26.425,26.425,26.425,0,23.212
"855",2012-08-31,26.425,26.425,26.425,26.425,0,23.212
"856",2012-08-30,26.425,26.425,26.425,26.425,0,23.212
"857",2012-08-29,26.425,26.425,26.425,26.425,0,23.212
"858",2012-08-28,26.425,26.425,26.425,26.425,0,23.212
"859",2012-08-27,26.425,26.425,26.425,26.425,0,23.212
"860",2012-08-24,26.425,26.425,26.425,26.425,0,23.212
"861",2012-08-23,26.425,26.425,26.425,26.425,0,23.212
"862",2012-08-22,26.425,26.425,26.425,26.425,0,23.212
"863",2012-08-21,26.425,26.425,26.425,26.425,0,23.212
"864",2012-08-20,26.425,26.425,26.425,26.425,0,23.212
"865",2012-08-17,26.425,26.425,26.425,26.425,0,23.212
"866",2012-08-16,26.425,26.425,26.425,26.425,0,23.212
"867",2012-08-15,26.425,26.425,26.425,26.425,0,23.212
"868",2012-08-14,26.425,26.425,26.425,26.425,0,23.212
"869",2012-08-13,26.425,26.425,26.425,26.425,0,23.212
"870",2012-08-10,26.425,26.425,26.425,26.425,0,23.212
"871",2012-08-09,26.425,26.425,26.425,26.425,0,23.212
"872",2012-08-08,26.425,26.425,26.425,26.425,0,23.212
"873",2012-08-07,26.425,26.425,26.425,26.425,0,23.212
"874",2012-08-06,26.425,26.425,26.425,26.425,0,23.212
"875",2012-08-03,26.425,26.425,26.425,26.425,0,23.212
"876",2012-08-02,26.425,26.425,26.425,26.425,0,23.212
"877",2012-08-01,26.425,26.425,26.425,26.425,0,23.212
"878",2012-07-31,26.425,26.425,26.425,26.425,0,23.212
"879",2012-07-30,26.425,26.425,26.425,26.425,0,23.212
"880",2012-07-27,24.405,24.405,24.405,24.405,0,21.438
"881",2012-07-26,24.405,24.405,24.405,24.405,0,21.438
"882",2012-07-25,24.405,24.405,24.405,24.405,0,21.438
"883",2012-07-24,24.405,24.405,24.405,24.405,0,21.438
"884",2012-07-23,24.405,24.405,24.405,24.405,0,21.438
"885",2012-07-20,21.7,21.7,21.7,21.7,0,19.061
"886",2012-07-19,21.7,21.7,21.7,21.7,0,19.061
"887",2012-07-18,21.7,21.7,21.7,21.7,0,19.061
"888",2012-07-17,21.7,21.7,21.7,21.7,0,19.061
"889",2012-07-16,21.7,21.7,21.7,21.7,0,19.061
"890",2012-07-13,21.7,21.7,21.7,21.7,0,19.061
"891",2012-07-12,21.7,21.7,21.7,21.7,0,19.061
"892",2012-07-11,21.7,21.7,21.7,21.7,0,19.061
"893",2012-07-10,21.7,21.7,21.7,21.7,0,19.061
"894",2012-07-09,21.7,21.7,21.7,21.7,0,19.061
"895",2012-07-06,21.7,21.7,21.7,21.7,0,19.061
"896",2012-07-05,21.7,21.7,21.7,21.7,0,19.061
"897",2012-07-04,21.7,21.7,21.7,21.7,0,19.061
"898",2012-07-03,21.7,21.7,21.7,21.7,0,19.061
"899",2012-07-02,21.7,21.7,21.7,21.7,0,19.061
"900",2012-06-29,21.7,21.7,21.7,21.7,0,19.061
"901",2012-06-28,21.7,21.7,21.7,21.7,0,19.061
"902",2012-06-27,21.7,21.7,21.7,21.7,0,19.061
"903",2012-06-26,21.7,21.7,21.7,21.7,0,19.061
"904",2012-06-25,21.7,21.7,21.7,21.7,0,19.061
"905",2012-06-22,24.8,24.8,24.8,24.8,0,21.785
"906",2012-06-21,24.8,24.8,24.8,24.8,0,21.785
"907",2012-06-20,24.8,24.8,24.8,24.8,0,21.785
"908",2012-06-19,24.8,24.8,24.8,24.8,0,21.785
"909",2012-06-18,24.8,24.8,24.8,24.8,0,21.785
"910",2012-06-15,24.8,24.8,24.8,24.8,0,21.785
"911",2012-06-14,24.8,24.8,24.8,24.8,0,21.785
"912",2012-06-13,24.8,24.8,24.8,24.8,0,21.785
"913",2012-06-12,24.8,24.8,24.8,24.8,0,21.785
"914",2012-06-11,24.8,24.8,24.8,24.8,0,21.785
"915",2012-06-08,24.8,24.8,24.8,24.8,0,21.785
"916",2012-06-07,24.8,24.8,24.8,24.8,0,21.785
"917",2012-06-06,24.8,24.8,24.8,24.8,0,21.785
"918",2012-06-05,24.8,24.8,24.8,24.8,0,21.785
"919",2012-06-04,24.8,24.8,24.8,24.8,0,21.785
"920",2012-06-01,24.8,24.8,24.8,24.8,0,21.785
"921",2012-05-31,24.8,24.8,24.8,24.8,0,21.785
"922",2012-05-30,24.985,24.985,24.985,24.985,0,21.947
"923",2012-05-29,24.985,24.985,24.985,24.985,0,21.947
"924",2012-05-28,24.985,24.985,24.985,24.985,0,21.947
"925",2012-05-25,24.985,24.985,24.985,24.985,0,21.947
"926",2012-05-24,24.985,24.985,24.985,24.985,0,21.947
"927",2012-05-23,24.985,24.985,24.985,24.985,0,21.947
"928",2012-05-22,24.985,24.985,24.985,24.985,0,21.947
"929",2012-05-21,24.985,24.985,24.985,24.985,0,21.947
"930",2012-05-18,24.985,24.985,24.985,24.985,0,21.947
"931",2012-05-17,24.985,24.985,24.985,24.985,0,21.947
"932",2012-05-16,24.985,24.985,24.985,24.985,0,21.947
"933",2012-05-15,24.985,24.985,24.985,24.985,0,21.947
"934",2012-05-14,24.985,24.985,24.985,24.985,0,21.947
"935",2012-05-11,24.985,24.985,24.985,24.985,0,21.947
"936",2012-05-10,24.985,24.985,24.985,24.985,0,21.947
"937",2012-05-09,24.985,24.985,24.985,24.985,0,21.947
"938",2012-05-08,24.985,24.985,24.985,24.985,0,21.947
"939",2012-05-07,24.985,24.985,24.985,24.985,0,21.947
"940",2012-05-04,24.985,24.985,24.985,24.985,0,21.947
"941",2012-05-03,24.985,24.985,24.985,24.985,0,21.947
"942",2012-05-02,24.985,24.985,24.985,24.985,0,21.947
"943",2012-05-01,24.985,24.985,24.985,24.985,0,21.947
"944",2012-04-30,24.985,24.985,24.985,24.985,0,21.947
"945",2012-04-27,21.9,21.9,21.9,21.9,0,19.237
"946",2012-04-26,21.9,21.9,21.9,21.9,0,19.237
"947",2012-04-25,21.9,21.9,21.9,21.9,0,19.237
"948",2012-04-24,21.9,21.9,21.9,21.9,0,19.237
"949",2012-04-23,21.9,21.9,21.9,21.9,0,19.237
"950",2012-04-20,21.9,21.9,21.9,21.9,0,19.237
"951",2012-04-19,21.9,21.9,21.9,21.9,0,19.237
"952",2012-04-18,21.9,21.9,21.9,21.9,0,19.237
"953",2012-04-17,21.9,21.9,21.9,21.9,0,19.237
"954",2012-04-16,21.9,21.9,21.9,21.9,0,18.542
"955",2012-04-13,21.9,21.9,21.9,21.9,0,18.542
"956",2012-04-12,21.9,21.9,21.9,21.9,0,18.542
"957",2012-04-11,25.23,25.23,25.23,25.23,0,21.361
"958",2012-04-10,25.23,25.23,25.23,25.23,0,21.361
"959",2012-04-09,25.23,25.23,25.23,25.23,0,21.361
"960",2012-04-06,25.23,25.23,25.23,25.23,0,21.361
"961",2012-04-05,25.23,25.23,25.23,25.23,0,21.361
"962",2012-04-04,25.23,25.23,25.23,25.23,0,21.361
"963",2012-04-03,25.23,25.23,25.23,25.23,0,21.361
"964",2012-04-02,25.23,25.23,25.23,25.23,0,21.361
"965",2012-03-30,25.23,25.23,25.23,25.23,0,21.361
"966",2012-03-29,25.23,25.23,25.23,25.23,0,21.361
"967",2012-03-28,25.23,25.23,25.23,25.23,0,21.361
"968",2012-03-27,25.23,25.23,25.23,25.23,0,21.361
"969",2012-03-26,25.23,25.23,25.23,25.23,0,21.361
"970",2012-03-23,25.23,25.23,25.23,25.23,0,21.361
"971",2012-03-22,25.23,25.23,25.23,25.23,0,21.361
"972",2012-03-21,25.23,25.23,25.23,25.23,0,21.361
"973",2012-03-20,25.23,25.23,25.23,25.23,0,21.361
"974",2012-03-19,25.23,25.23,25.23,25.23,0,21.361
"975",2012-03-16,25.23,25.23,25.23,25.23,0,21.361
"976",2012-03-15,25.23,25.23,25.23,25.23,0,21.361
"977",2012-03-14,25.23,25.23,25.23,25.23,0,21.361
"978",2012-03-13,25.23,25.23,25.23,25.23,0,21.361
"979",2012-03-12,23,25.23,25.23,25.23,0,21.361
"980",2012-03-09,23,23,23,23,0,19.473
"981",2012-03-08,23,23,23,23,0,19.473
"982",2012-03-07,23,23,23,23,0,19.473
"983",2012-03-06,23,23,23,23,0,19.473
"984",2012-03-05,23,23,23,23,0,19.473
"985",2012-03-02,23,23,23,23,0,19.473
"986",2012-03-01,23,23,23,23,0,19.473
"987",2012-02-29,23,23,23,23,0,19.473
"988",2012-02-28,23,23,23,23,0,19.473
"989",2012-02-27,23,23,23,23,0,19.473
"990",2012-02-24,23,23,23,23,0,19.473
"991",2012-02-23,23,23,23,23,0,19.473
"992",2012-02-22,23,23,23,23,0,19.473
"993",2012-02-21,23,23,23,23,0,19.473
"994",2012-02-20,23,23,23,23,0,19.473
"995",2012-02-17,23,23,23,23,0,19.473
"996",2012-02-16,23,23,23,23,0,19.473
"997",2012-02-15,23,23,23,23,0,19.473
"998",2012-02-14,23,23,23,23,0,19.473
"999",2012-02-13,23,23,23,23,0,19.473
"1000",2012-02-10,23,23,23,23,0,19.473
"1001",2012-02-09,23,23,23,23,0,19.473
"1002",2012-02-08,23,23,23,23,0,19.473
"1003",2012-02-07,23,23,23,23,0,19.473
"1004",2012-02-06,23,23,23,23,0,19.473
"1005",2012-02-03,23,23,23,23,0,19.473
"1006",2012-02-02,23,23,23,23,0,19.473
"1007",2012-02-01,23,23,23,23,0,19.473
"1008",2012-01-31,23,23,23,23,0,19.473
"1009",2012-01-30,23,23,23,23,0,19.473
"1010",2012-01-27,23,23,23,23,0,19.473
"1011",2012-01-26,23,23,23,23,0,19.473
"1012",2012-01-25,23,23,23,23,0,19.473
"1013",2012-01-24,23,23,23,23,0,19.473
"1014",2012-01-23,23,23,23,23,0,19.473
"1015",2012-01-20,23,23,23,23,0,19.473
"1016",2012-01-19,23,23,23,23,0,19.473
"1017",2012-01-18,23,23,23,23,0,19.473
"1018",2012-01-17,23,23,23,23,200,19.473
"1019",2012-01-16,21.11,21.11,21.11,21.11,0,17.873
"1020",2012-01-13,21.11,21.11,21.11,21.11,0,17.873
"1021",2012-01-12,21.11,21.11,21.11,21.11,0,17.873
"1022",2012-01-11,21.11,21.11,21.11,21.11,0,17.873
"1023",2012-01-10,21.11,21.11,21.11,21.11,0,17.873
"1024",2012-01-09,21.11,21.11,21.11,21.11,0,17.873
"1025",2012-01-06,21.11,21.11,21.11,21.11,0,17.873
"1026",2012-01-05,21.11,21.11,21.11,21.11,0,17.873
"1027",2012-01-04,21.11,21.11,21.11,21.11,0,17.873
"1028",2012-01-03,21.11,21.11,21.11,21.11,0,17.873
"1029",2012-01-02,21.11,21.11,21.11,21.11,0,17.873
"1030",2011-12-30,21.11,21.11,21.11,21.11,0,17.873
"1031",2011-12-29,21.11,21.11,21.11,21.11,0,17.873
"1032",2011-12-28,21.11,21.11,21.11,21.11,0,17.873
"1033",2011-12-27,21.11,21.11,21.11,21.11,0,17.873
"1034",2011-12-26,21.11,21.11,21.11,21.11,0,17.873
"1035",2011-12-23,21.11,21.11,21.11,21.11,0,17.873
"1036",2011-12-22,21.11,21.11,21.11,21.11,0,17.873
"1037",2011-12-21,21.11,21.11,21.11,21.11,0,17.873
"1038",2011-12-20,21.11,21.11,21.11,21.11,0,17.873
"1039",2011-12-19,21.11,21.11,21.11,21.11,0,17.873
"1040",2011-12-16,21.11,21.11,21.11,21.11,0,17.873
"1041",2011-12-15,21.11,21.11,21.11,21.11,0,17.873
"1042",2011-12-14,21.11,21.11,21.11,21.11,0,17.873
"1043",2011-12-13,21.11,21.11,21.11,21.11,0,17.873
"1044",2011-12-12,21.11,21.11,21.11,21.11,0,17.873
"1045",2011-12-09,21.11,21.11,21.11,21.11,0,17.873
"1046",2011-12-08,21.11,21.11,21.11,21.11,0,17.873
"1047",2011-12-07,21.11,21.11,21.11,21.11,0,17.873
"1048",2011-12-06,21.11,21.11,21.11,21.11,0,17.873
"1049",2011-12-05,21.11,21.11,21.11,21.11,0,17.873
"1050",2011-12-02,21.11,21.11,21.11,21.11,0,17.873
"1051",2011-12-01,21.11,21.11,21.11,21.11,0,17.873
"1052",2011-11-30,21.11,21.11,21.11,21.11,0,17.873
"1053",2011-11-29,21.11,21.11,21.11,21.11,0,17.873
"1054",2011-11-28,21.11,21.11,21.11,21.11,0,17.873
"1055",2011-11-25,21.11,21.11,21.11,21.11,0,17.873
"1056",2011-11-24,21.11,21.11,21.11,21.11,0,17.873
"1057",2011-11-23,21.11,21.11,21.11,21.11,0,17.873
"1058",2011-11-22,21.11,21.11,21.11,21.11,0,17.873
"1059",2011-11-21,21.11,21.11,21.11,21.11,0,17.873
"1060",2011-11-18,21.11,21.11,21.11,21.11,0,17.873
"1061",2011-11-17,21.11,21.11,21.11,21.11,0,17.873
"1062",2011-11-01,20.9,21.11,20.9,21.11,0,17.873
"1063",2011-10-31,23.3,23.395,23.3,23.395,100,19.808
"1064",2011-10-10,19.35,19.35,19.35,19.35,200,16.383
"1065",2011-09-06,20.2,20.2,20.2,20.2,0,17.103
"1066",2011-09-05,20,20,20,20,100,16.933
"1067",2011-08-12,22.49,22.49,22.49,22.49,0,19.041
"1068",2011-08-10,19.985,19.985,19.985,19.985,0,16.921
"1069",2011-08-05,23.65,23.65,23.65,23.65,200,20.024
"1070",2011-07-25,26.375,26.375,26.375,26.375,0,22.331
"1071",2011-07-15,27.945,28.04,27.945,28.04,200,23.74
"1072",2011-07-04,26.65,26.65,26.65,26.65,0,22.564
"1073",2011-06-27,25,25,25,25,100,21.167
"1074",2011-06-24,25,25,25,25,100,21.167
"1075",2011-06-22,25,25,25,25,0,21.167
"1076",2011-06-21,23.45,23.45,23.45,23.45,0,19.854
"1077",2011-02-11,23.925,23.925,23.925,23.925,0,19.787
"1078",2011-01-03,20.85,20.85,20.85,20.85,0,17.244
"1079",2010-12-15,24.665,24.665,23.815,23.815,200,19.696
"1080",2010-12-14,24.665,24.665,24.665,24.665,0,20.399
"1081",2010-11-26,21.09,21.09,20.155,20.155,0,16.669
"1082",2010-11-23,23.125,23.7,23.125,23.7,300,19.601
"1083",2010-11-22,22.46,22.8,21.365,22.8,600,18.857
"1084",2010-11-19,21.3,21.3,21.3,21.3,0,17.616
"1085",2010-11-18,21.085,21.085,21.085,21.085,0,17.438
"1086",2010-11-17,21.085,21.085,21.085,21.085,0,17.438
"1087",2010-11-16,21.085,21.085,21.085,21.085,0,17.438
"1088",2010-11-15,20.48,20.48,20.48,20.48,0,16.938
"1089",2010-11-12,20.62,20.62,20.62,20.62,0,17.054
"1090",2010-11-11,20.62,20.62,20.62,20.62,0,17.054
"1091",2010-11-10,24,24,24,24,0,19.849
"1092",2010-11-09,20.215,20.215,20.215,20.215,0,16.719
"1093",2010-11-08,19.9,19.9,19.9,19.9,0,16.458
"1094",2010-11-05,19.9,19.9,19.9,19.9,0,16.458
"1095",2010-11-04,19.9,19.9,19.9,19.9,0,16.458
"1096",2010-11-03,21.5,21.5,21.5,21.5,0,17.782
"1097",2010-11-02,21.5,21.5,21.5,21.5,0,17.782
"1098",2010-11-01,21,21,21,21,0,17.368
"1099",2010-10-29,19.5,19.5,19.5,19.5,0,16.127
"1100",2010-10-28,19.5,19.5,19.5,19.5,0,16.127
"1101",2010-10-27,19.5,19.5,19.5,19.5,0,16.127
"1102",2010-10-26,16.05,16.05,16.05,16.05,0,13.274
"1103",2010-10-25,16.05,16.05,16.05,16.05,0,13.274
"1104",2010-10-22,16.05,16.05,16.05,16.05,0,13.274
"1105",2010-10-21,16.05,16.05,16.05,16.05,0,13.274
"1106",2010-10-20,16.05,16.05,16.05,16.05,0,13.274
"1107",2010-10-19,16.05,16.05,16.05,16.05,0,13.274
"1108",2010-10-18,16.05,16.05,16.05,16.05,0,13.274
"1109",2010-10-15,16.05,16.05,16.05,16.05,0,13.274
"1110",2010-10-14,16.05,16.05,16.05,16.05,0,13.274
"1111",2010-10-13,16.05,16.05,16.05,16.05,0,13.274
"1112",2010-10-12,16.05,16.05,16.05,16.05,0,13.274
"1113",2010-10-11,16.05,16.05,16.05,16.05,0,13.274
"1114",2010-10-08,16.05,16.05,16.05,16.05,0,13.274
"1115",2010-10-07,16.05,16.05,16.05,16.05,0,13.274
"1116",2010-10-06,16.05,16.05,16.05,16.05,0,13.274
"1117",2010-10-05,16.05,16.05,16.05,16.05,0,13.274
"1118",2010-10-04,16.05,16.05,16.05,16.05,0,13.274
"1119",2010-10-01,16.05,16.05,16.05,16.05,0,13.274
"1120",2010-09-30,16.05,16.05,16.05,16.05,0,13.274
"1121",2010-09-29,16.05,16.05,16.05,16.05,0,13.274
"1122",2010-09-28,16.05,16.05,16.05,16.05,0,13.274
"1123",2010-09-27,16.05,16.05,16.05,16.05,0,13.274
"1124",2010-09-24,16.05,16.05,16.05,16.05,0,13.274
"1125",2010-09-23,16.05,16.05,16.05,16.05,0,13.274
"1126",2010-09-22,16.05,16.05,16.05,16.05,0,13.274
"1127",2010-09-21,16.05,16.05,16.05,16.05,200,13.274
